id,grupo,sexo,edad,experiencia_previa,desempeno_pre,desempeno_post,horas_practica,motivacion,satisfaccion,util_1,util_2,util_3,util_4,util_5,aprobado
1,Control,Mujer,24,0,65,64,7.5,5,5,2,3,4,2,1,No
2,Control,Mujer,23,5,57,33,4.8,3,5,2,3,2,2,2,No
3,Control,Hombre,30,3,67,50,10.9,3,3,1,1,1,1,2,No
4,Control,Hombre,25,4,71,58,7.3,5,4,2,2,1,2,2,No
5,Control,Hombre,24,6,72,61,9.0,3,5,2,1,2,3,1,No
6,Control,Mujer,27,4,67,62,6.6,3,5,3,3,4,4,3,No
7,Control,Mujer,24,3,58,63,,4,3,4,4,3,4,4,No
8,Control,Mujer,28,3,63,60,7.9,3,4,2,2,5,3,3,No
9,Control,Hombre,20,5,51,65,6.6,4,4,3,3,4,2,3,No
10,Control,Hombre,24,2,51,36,,2,5,3,2,3,1,5,No
11,Control,Mujer,29,5,64,63,6.4,4,4,3,5,2,1,5,No
12,Control,Mujer,23,4,70,72,10.0,2,3,5,5,5,4,3,Sí
13,Control,Mujer,18,3,63,66,8.7,5,5,4,3,3,3,4,No
14,Control,Otro,24,2,66,76,13.2,3,4,4,4,4,3,3,Sí
15,Control,Hombre,24,2,50,36,11.6,2,5,3,4,4,3,3,No
16,Control,Hombre,19,4,63,65,17.0,3,4,5,5,4,5,5,No
17,Control,Otro,27,4,61,53,5.5,2,5,1,3,3,4,3,No
18,Control,Hombre,31,3,67,62,13.4,5,4,2,3,3,3,2,No
19,Control,Hombre,22,4,61,65,4.6,4,4,3,2,3,3,4,No
20,Control,Hombre,24,2,73,79,14.7,,4,4,5,4,2,4,Sí
21,Control,Hombre,18,8,68,77,11.7,3,5,2,1,4,2,2,Sí
22,Control,Hombre,23,3,54,63,10.4,3,5,3,3,4,1,2,No
23,Control,Mujer,24,4,61,74,14.7,4,5,3,2,2,4,2,Sí
24,Control,Hombre,25,1,49,57,8.4,3,5,4,4,1,2,1,No
25,Control,Mujer,28,3,75,68,2.4,4,5,3,3,4,5,4,No
26,Control,Hombre,26,7,66,77,11.3,4,4,1,1,4,1,1,Sí
27,Control,Hombre,29,3,52,64,10.7,5,4,5,3,2,4,4,No
28,Control,Mujer,19,7,69,71,13.9,4,5,5,3,4,3,2,Sí
29,Control,Mujer,32,5,50,62,10.0,3,4,4,4,3,4,3,No
30,Control,Hombre,24,2,60,80,15.3,5,1,4,4,3,4,4,Sí
31,Control,Hombre,30,4,49,46,9.0,3,3,5,4,5,5,5,No
32,Control,Mujer,24,5,50,69,9.9,4,4,2,2,2,2,1,No
33,Control,Mujer,18,1,62,69,4.6,4,4,3,1,4,2,1,No
34,Control,Hombre,21,1,69,57,4.6,4,5,3,5,3,5,3,No
35,Control,Hombre,27,3,62,65,13.3,4,5,4,3,2,2,1,No
36,Control,Mujer,27,0,43,49,11.4,3,5,3,2,2,1,3,No
37,Control,Mujer,23,3,57,47,12.1,2,5,3,4,2,2,2,No
38,Control,Mujer,29,6,72,60,7.7,3,5,2,3,1,4,3,No
39,Control,Hombre,26,5,56,36,0,2,5,4,5,5,5,5,No
40,Control,Hombre,27,0,67,83,17.4,4,4,3,3,3,4,2,Sí
41,Método A,Mujer,35,4,76,73,3.2,4,3,2,3,3,3,4,Sí
42,Método A,Hombre,21,3,70,81,13.6,,4,3,2,5,3,3,Sí
43,Método A,Mujer,22,1,73,85,13.3,5,5,3,2,2,3,2,Sí
44,Método A,Mujer,24,3,60,73,6.6,5,5,1,3,2,3,3,Sí
45,Método A,Mujer,24,3,54,70,9.1,3,4,3,5,4,4,4,Sí
46,Método A,Hombre,18,1,66,87,13.8,4,5,4,3,3,1,5,Sí
47,Método A,Mujer,22,1,54,68,5.9,3,4,5,4,4,2,3,No
48,Método A,Hombre,26,5,64,78,13.7,3,4,1,1,1,1,1,Sí
49,Método A,Mujer,30,3,60,84,8.5,5,5,3,4,2,4,2,Sí
50,Método A,Hombre,23,2,70,69,6.7,1,4,4,3,4,4,3,No
51,Método A,Mujer,32,5,59,69,10.4,4,,5,5,5,3,4,No
52,Método A,Mujer,31,7,39,61,5.9,5,5,3,3,4,3,3,No
53,Método A,Mujer,27,6,53,73,10.1,3,4,3,2,2,3,3,Sí
54,Método A,Otro,29,1,59,71,13.2,3,5,1,1,2,1,1,Sí
55,Método A,Hombre,23,5,67,78,11.7,2,4,2,3,3,3,1,Sí
56,Método A,Hombre,28,3,69,74,9.3,4,4,4,4,3,3,3,Sí
57,Método A,Hombre,26,4,35,61,10.2,4,5,4,2,3,3,2,No
58,Método A,Mujer,28,1,58,65,6.2,2,5,2,3,3,3,3,No
59,Método A,Hombre,24,0,73,84,8.2,4,5,3,4,3,5,3,Sí
60,Método A,Hombre,28,7,52,78,14.0,5,4,3,3,3,3,3,Sí
61,Método A,Mujer,25,2,62,74,9.8,1,4,5,4,5,4,4,Sí
62,Método A,Mujer,20,4,48,69,11.1,4,4,2,4,1,2,3,No
63,Método A,Hombre,25,2,68,82,20.7,4,5,3,4,2,3,4,Sí
64,Método A,Hombre,27,4,58,71,9.4,2,4,3,4,4,4,4,Sí
65,Método A,Hombre,27,3,59,61,10.1,3,5,3,3,3,3,3,No
66,Método A,Hombre,26,1,47,61,9.2,5,4,5,5,4,4,5,No
67,Método A,Mujer,21,1,45,62,8.4,2,5,2,2,2,3,3,No
68,Método A,Mujer,22,6,43,64,9.2,3,5,2,2,1,1,3,No
69,Método A,Otro,26,7,56,76,13.6,4,5,2,2,4,4,3,Sí
70,Método A,Mujer,24,2,59,80,11.8,4,4,1,2,1,1,1,Sí
71,Método A,Mujer,19,5,56,69,5.4,3,5,4,1,3,3,3,No
72,Método A,Otro,22,5,62,86,12.6,4,5,3,4,3,5,5,Sí
73,Método A,Mujer,30,9,54,76,9.4,4,1,2,3,2,2,1,Sí
74,Método A,Hombre,28,3,68,77,10.6,3,5,5,3,5,5,5,Sí
75,Método A,Mujer,19,4,67,95,15.3,4,5,1,2,1,2,3,Sí
76,Método A,Hombre,22,3,61,79,10.8,2,3,3,1,2,2,2,Sí
77,Método A,Mujer,21,1,75,65,3.2,3,5,3,1,2,2,1,No
78,Método A,Mujer,27,5,54,76,10.7,4,3,4,5,3,5,5,Sí
79,Método A,Mujer,26,4,61,78,12.5,2,3,5,4,2,3,3,Sí
80,Método A,Hombre,18,1,62,84,18.6,4,2,1,2,4,4,1,Sí
81,Método B,Mujer,18,2,60,88,11.7,5,4,2,3,1,1,2,Sí
82,Método B,Mujer,18,4,70,76,3.3,4,5,5,5,5,5,3,Sí
83,Método B,Hombre,20,6,52,73,10.4,3,4,4,3,4,5,5,Sí
84,Método B,Hombre,24,1,56,82,16.5,3,,3,3,1,4,3,Sí
85,Método B,Hombre,25,3,76,96,16.6,2,3,2,4,4,4,5,Sí
86,Método B,Mujer,18,1,58,69,6.7,3,2,3,4,4,3,3,No
87,Método B,Mujer,24,7,65,100,21.8,4,5,2,3,4,3,3,Sí
88,Método B,Mujer,25,3,63,90,10.7,3,3,3,3,3,4,2,Sí
89,Método B,Hombre,24,6,45,89,16.1,4,5,1,5,2,4,4,Sí
90,Método B,Hombre,28,4,60,81,9.3,3,4,4,4,3,4,3,Sí
91,Método B,Hombre,18,6,54,83,12.2,4,3,4,5,2,4,3,Sí
92,Método B,Hombre,20,3,51,68,3.9,3,2,2,4,4,2,3,No
93,Método B,Hombre,22,4,44,80,11.5,3,4,5,4,4,5,5,Sí
94,Método B,Hombre,18,4,63,80,6.0,4,5,5,4,5,5,5,Sí
95,Método B,Mujer,26,5,58,79,11.0,3,5,5,4,3,5,3,Sí
96,Método B,Mujer,27,2,54,57,5.4,1,3,3,4,3,3,4,No
97,Método B,Mujer,25,5,56,85,14.0,4,5,3,2,2,2,2,Sí
98,Método B,Mujer,18,1,41,80,16.2,1,3,1,1,1,2,1,Sí
99,Método B,Hombre,20,3,69,75,4.6,3,4,2,2,2,2,1,Sí
100,Método B,Mujer,18,2,59,89,17.2,5,5,5,4,4,3,5,Sí
101,Método B,Mujer,25,3,66,84,9.2,4,4,2,4,2,3,4,Sí
102,Método B,Hombre,18,5,43,72,12.0,4,5,3,3,4,1,2,Sí
103,Método B,Otro,32,4,61,83,10.3,3,4,2,3,2,2,2,Sí
104,Método B,Hombre,23,5,60,83,16.3,2,5,1,3,3,4,3,Sí
105,Método B,Hombre,20,2,51,78,10.7,4,3,4,4,2,4,4,Sí
106,Método B,Otro,22,5,50,67,7.3,3,4,5,4,3,5,4,No
107,Método B,Mujer,26,2,55,76,13.2,4,3,1,2,1,1,2,Sí
108,Método B,Hombre,28,2,71,89,11.6,4,5,4,2,3,2,2,Sí
109,Método B,Mujer,29,4,61,79,9.6,4,2,5,2,3,2,2,Sí
110,Método B,Mujer,28,3,68,78,9.2,2,5,2,2,4,2,1,Sí
111,Método B,Hombre,24,3,49,77,6.4,3,5,2,3,3,3,4,Sí
112,Método B,Hombre,23,4,43,80,8.9,5,4,4,3,4,2,4,Sí
113,Método B,Hombre,20,4,52,71,7.7,4,4,5,3,4,5,4,Sí
114,Método B,Otro,33,5,57,80,6.9,3,5,2,2,3,2,2,Sí
115,Método B,Mujer,31,6,50,70,4.3,3,5,3,4,3,3,4,Sí
116,Método B,Otro,27,4,63,66,7.6,2,5,5,4,4,4,5,No
117,Método B,Hombre,28,4,70,84,5.0,2,4,4,4,5,5,4,Sí
118,Método B,Mujer,24,5,67,87,12.2,4,5,3,3,2,2,4,Sí
119,Método B,Hombre,19,3,53,77,11.8,5,5,3,5,4,3,4,Sí
120,Método B,Mujer,25,4,45,57,2.7,3,4,2,4,4,5,1,No
